{
	"format_version": "1.12.0",
	"minecraft:geometry": [
		{
			"description": {
				"identifier": "geometry.custom_fence",
				"texture_width": 16,
				"texture_height": 16,
				"visible_bounds_width": 2,
				"visible_bounds_height": 2.5,
				"visible_bounds_offset": [
					0,
					0.75,
					0
				]
			},
			"bones": [
				{
					"name": "pole",
					"pivot": [
						0,
						0,
						0
					],
					"cubes": [
						{
							"origin": [
								-2,
								0,
								-2
							],
							"size": [
								4,
								16,
								4
							],
							"uv": {
								"north": {
									"uv": [
										4,
										0
									],
									"uv_size": [
										4,
										16
									]
								},
								"east": {
									"uv": [
										0,
										0
									],
									"uv_size": [
										4,
										16
									]
								},
								"south": {
									"uv": [
										12,
										0
									],
									"uv_size": [
										4,
										16
									]
								},
								"west": {
									"uv": [
										8,
										0
									],
									"uv_size": [
										4,
										16
									]
								},
								"up": {
									"uv": [
										0,
										0
									],
									"uv_size": [
										4,
										4
									]
								},
								"down": {
									"uv": [
										4,
										4
									],
									"uv_size": [
										4,
										-4
									]
								}
							}
						}
					]
				},
				{
					"name": "east",
					"pivot": [
						0,
						0,
						0
					],
					"cubes": [
						{
							"origin": [
								-8,
								7,
								-1
							],
							"size": [
								6,
								3,
								2
							],
							"uv": {
								"north": {
									"uv": [
										1,
										1
									],
									"uv_size": [
										6,
										3
									]
								},
								"east": {
									"uv": [
										0,
										1
									],
									"uv_size": [
										2,
										3
									]
								},
								"south": {
									"uv": [
										3,
										1
									],
									"uv_size": [
										6,
										3
									]
								},
								"west": {
									"uv": [
										2,
										1
									],
									"uv_size": [
										2,
										3
									]
								},
								"up": {
									"uv": [
										8,
										3
									],
									"uv_size": [
										-6,
										-2
									]
								},
								"down": {
									"uv": [
										9,
										2
									],
									"uv_size": [
										-6,
										-2
									]
								}
							}
						},
						{
							"origin": [
								-8,
								12,
								-1
							],
							"size": [
								6,
								3,
								2
							],
							"uv": {
								"north": {
									"uv": [
										0,
										0
									],
									"uv_size": [
										6,
										3
									]
								},
								"east": {
									"uv": [
										0,
										0
									],
									"uv_size": [
										2,
										3
									]
								},
								"south": {
									"uv": [
										0,
										0
									],
									"uv_size": [
										6,
										3
									]
								},
								"west": {
									"uv": [
										0,
										0
									],
									"uv_size": [
										2,
										3
									]
								},
								"up": {
									"uv": [
										6,
										2
									],
									"uv_size": [
										-6,
										-2
									]
								},
								"down": {
									"uv": [
										6,
										2
									],
									"uv_size": [
										-6,
										-2
									]
								}
							}
						}
					]
				},
				{
					"name": "north",
					"pivot": [
						0,
						0,
						0
					],
					"cubes": [
						{
							"origin": [
								-1,
								7,
								-2
							],
							"size": [
								2,
								3,
								-6
							],
							"uv": {
								"north": {
									"uv": [
										4,
										0
									],
									"uv_size": [
										2,
										3
									]
								},
								"east": {
									"uv": [
										8,
										0
									],
									"uv_size": [
										6,
										3
									]
								},
								"south": {
									"uv": [
										2,
										0
									],
									"uv_size": [
										2,
										3
									]
								},
								"west": {
									"uv": [
										0,
										3
									],
									"uv_size": [
										6,
										3
									]
								},
								"up": {
									"uv": [
										8,
										6
									],
									"uv_size": [
										-2,
										-6
									]
								},
								"down": {
									"uv": [
										2,
										6
									],
									"uv_size": [
										-2,
										-6
									]
								}
							}
						},
						{
							"origin": [
								-1,
								12,
								-2
							],
							"size": [
								2,
								3,
								-6
							],
							"uv": {
								"north": {
									"uv": [
										0,
										0
									],
									"uv_size": [
										2,
										3
									]
								},
								"east": {
									"uv": [
										0,
										0
									],
									"uv_size": [
										6,
										3
									]
								},
								"south": {
									"uv": [
										0,
										0
									],
									"uv_size": [
										2,
										3
									]
								},
								"west": {
									"uv": [
										0,
										0
									],
									"uv_size": [
										6,
										3
									]
								},
								"up": {
									"uv": [
										2,
										6
									],
									"uv_size": [
										-2,
										-6
									]
								},
								"down": {
									"uv": [
										2,
										6
									],
									"uv_size": [
										-2,
										-6
									]
								}
							}
						}
					]
				},
				{
					"name": "west",
					"pivot": [
						0,
						0,
						0
					],
					"cubes": [
						{
							"origin": [
								8,
								7,
								-1
							],
							"size": [
								-6,
								3,
								2
							],
							"uv": {
								"north": {
									"uv": [
										0,
										0
									],
									"uv_size": [
										6,
										3
									]
								},
								"east": {
									"uv": [
										0,
										0
									],
									"uv_size": [
										2,
										3
									]
								},
								"south": {
									"uv": [
										0,
										0
									],
									"uv_size": [
										6,
										3
									]
								},
								"west": {
									"uv": [
										0,
										0
									],
									"uv_size": [
										2,
										3
									]
								},
								"up": {
									"uv": [
										6,
										2
									],
									"uv_size": [
										-6,
										-2
									]
								},
								"down": {
									"uv": [
										6,
										2
									],
									"uv_size": [
										-6,
										-2
									]
								}
							}
						},
						{
							"origin": [
								8,
								12,
								-1
							],
							"size": [
								-6,
								3,
								2
							],
							"uv": {
								"north": {
									"uv": [
										0,
										0
									],
									"uv_size": [
										6,
										3
									]
								},
								"east": {
									"uv": [
										0,
										0
									],
									"uv_size": [
										2,
										3
									]
								},
								"south": {
									"uv": [
										0,
										0
									],
									"uv_size": [
										6,
										3
									]
								},
								"west": {
									"uv": [
										0,
										0
									],
									"uv_size": [
										2,
										3
									]
								},
								"up": {
									"uv": [
										6,
										2
									],
									"uv_size": [
										-6,
										-2
									]
								},
								"down": {
									"uv": [
										6,
										2
									],
									"uv_size": [
										-6,
										-2
									]
								}
							}
						}
					]
				},
				{
					"name": "south",
					"pivot": [
						0,
						0,
						0
					],
					"cubes": [
						{
							"origin": [
								-1,
								12,
								2
							],
							"size": [
								2,
								3,
								6
							],
							"uv": {
								"north": {
									"uv": [
										0,
										0
									],
									"uv_size": [
										2,
										3
									]
								},
								"east": {
									"uv": [
										0,
										0
									],
									"uv_size": [
										6,
										3
									]
								},
								"south": {
									"uv": [
										0,
										0
									],
									"uv_size": [
										2,
										3
									]
								},
								"west": {
									"uv": [
										0,
										0
									],
									"uv_size": [
										6,
										3
									]
								},
								"up": {
									"uv": [
										2,
										6
									],
									"uv_size": [
										-2,
										-6
									]
								},
								"down": {
									"uv": [
										2,
										6
									],
									"uv_size": [
										-2,
										-6
									]
								}
							}
						},
						{
							"origin": [
								-1,
								7,
								2
							],
							"size": [
								2,
								3,
								6
							],
							"uv": {
								"north": {
									"uv": [
										0,
										0
									],
									"uv_size": [
										2,
										3
									]
								},
								"east": {
									"uv": [
										0,
										0
									],
									"uv_size": [
										6,
										3
									]
								},
								"south": {
									"uv": [
										0,
										0
									],
									"uv_size": [
										2,
										3
									]
								},
								"west": {
									"uv": [
										0,
										0
									],
									"uv_size": [
										6,
										3
									]
								},
								"up": {
									"uv": [
										2,
										6
									],
									"uv_size": [
										-2,
										-6
									]
								},
								"down": {
									"uv": [
										2,
										6
									],
									"uv_size": [
										-2,
										-6
									]
								}
							}
						}
					]
				},
				{
					"name": "inventory",
					"pivot": [
						0,
						0,
						0
					],
					"cubes": [
						{
							"origin": [
								-8,
								7,
								-1
							],
							"size": [
								2,
								2,
								2
							],
							"uv": {
								"north": {
									"uv": [
										0,
										0
									],
									"uv_size": [
										2,
										2
									]
								},
								"east": {
									"uv": [
										0,
										0
									],
									"uv_size": [
										2,
										2
									]
								},
								"south": {
									"uv": [
										0,
										0
									],
									"uv_size": [
										2,
										2
									]
								},
								"west": {
									"uv": [
										0,
										0
									],
									"uv_size": [
										2,
										2
									]
								},
								"up": {
									"uv": [
										2,
										2
									],
									"uv_size": [
										-2,
										-2
									]
								},
								"down": {
									"uv": [
										2,
										2
									],
									"uv_size": [
										-2,
										-2
									]
								}
							}
						},
						{
							"origin": [
								-8,
								13,
								-1
							],
							"size": [
								2,
								2,
								2
							],
							"uv": {
								"north": {
									"uv": [
										0,
										0
									],
									"uv_size": [
										2,
										2
									]
								},
								"east": {
									"uv": [
										0,
										0
									],
									"uv_size": [
										2,
										2
									]
								},
								"south": {
									"uv": [
										0,
										0
									],
									"uv_size": [
										2,
										2
									]
								},
								"west": {
									"uv": [
										0,
										0
									],
									"uv_size": [
										2,
										2
									]
								},
								"up": {
									"uv": [
										2,
										2
									],
									"uv_size": [
										-2,
										-2
									]
								},
								"down": {
									"uv": [
										2,
										2
									],
									"uv_size": [
										-2,
										-2
									]
								}
							}
						},
						{
							"origin": [
								-6,
								0,
								-2
							],
							"size": [
								4,
								16,
								4
							],
							"uv": {
								"north": {
									"uv": [
										0,
										0
									],
									"uv_size": [
										4,
										16
									]
								},
								"east": {
									"uv": [
										0,
										0
									],
									"uv_size": [
										4,
										16
									]
								},
								"south": {
									"uv": [
										0,
										0
									],
									"uv_size": [
										4,
										16
									]
								},
								"west": {
									"uv": [
										0,
										0
									],
									"uv_size": [
										4,
										16
									]
								},
								"up": {
									"uv": [
										4,
										4
									],
									"uv_size": [
										-4,
										-4
									]
								},
								"down": {
									"uv": [
										4,
										4
									],
									"uv_size": [
										-4,
										-4
									]
								}
							}
						},
						{
							"origin": [
								-2,
								13,
								0
							],
							"size": [
								4,
								2,
								2
							],
							"uv": {
								"north": {
									"uv": [
										0,
										0
									],
									"uv_size": [
										4,
										2
									]
								},
								"east": {
									"uv": [
										0,
										0
									],
									"uv_size": [
										2,
										2
									]
								},
								"south": {
									"uv": [
										0,
										0
									],
									"uv_size": [
										4,
										2
									]
								},
								"west": {
									"uv": [
										0,
										0
									],
									"uv_size": [
										2,
										2
									]
								},
								"up": {
									"uv": [
										4,
										2
									],
									"uv_size": [
										-4,
										-2
									]
								},
								"down": {
									"uv": [
										4,
										2
									],
									"uv_size": [
										-4,
										-2
									]
								}
							}
						},
						{
							"origin": [
								-2,
								7,
								-1
							],
							"size": [
								4,
								2,
								2
							],
							"uv": {
								"north": {
									"uv": [
										0,
										0
									],
									"uv_size": [
										4,
										2
									]
								},
								"east": {
									"uv": [
										0,
										0
									],
									"uv_size": [
										2,
										2
									]
								},
								"south": {
									"uv": [
										0,
										0
									],
									"uv_size": [
										4,
										2
									]
								},
								"west": {
									"uv": [
										0,
										0
									],
									"uv_size": [
										2,
										2
									]
								},
								"up": {
									"uv": [
										4,
										2
									],
									"uv_size": [
										-4,
										-2
									]
								},
								"down": {
									"uv": [
										4,
										2
									],
									"uv_size": [
										-4,
										-2
									]
								}
							}
						},
						{
							"origin": [
								2,
								0,
								-2
							],
							"size": [
								4,
								16,
								4
							],
							"uv": {
								"north": {
									"uv": [
										0,
										0
									],
									"uv_size": [
										4,
										16
									]
								},
								"east": {
									"uv": [
										0,
										0
									],
									"uv_size": [
										4,
										16
									]
								},
								"south": {
									"uv": [
										0,
										0
									],
									"uv_size": [
										4,
										16
									]
								},
								"west": {
									"uv": [
										0,
										0
									],
									"uv_size": [
										4,
										16
									]
								},
								"up": {
									"uv": [
										4,
										4
									],
									"uv_size": [
										-4,
										-4
									]
								},
								"down": {
									"uv": [
										4,
										4
									],
									"uv_size": [
										-4,
										-4
									]
								}
							}
						},
						{
							"origin": [
								6,
								13,
								-1
							],
							"size": [
								2,
								2,
								2
							],
							"uv": {
								"north": {
									"uv": [
										0,
										0
									],
									"uv_size": [
										2,
										2
									]
								},
								"east": {
									"uv": [
										0,
										0
									],
									"uv_size": [
										2,
										2
									]
								},
								"south": {
									"uv": [
										0,
										0
									],
									"uv_size": [
										2,
										2
									]
								},
								"west": {
									"uv": [
										0,
										0
									],
									"uv_size": [
										2,
										2
									]
								},
								"up": {
									"uv": [
										2,
										2
									],
									"uv_size": [
										-2,
										-2
									]
								},
								"down": {
									"uv": [
										2,
										2
									],
									"uv_size": [
										-2,
										-2
									]
								}
							}
						},
						{
							"origin": [
								6,
								7,
								-1
							],
							"size": [
								2,
								2,
								2
							],
							"uv": {
								"north": {
									"uv": [
										0,
										0
									],
									"uv_size": [
										2,
										2
									]
								},
								"east": {
									"uv": [
										0,
										0
									],
									"uv_size": [
										2,
										2
									]
								},
								"south": {
									"uv": [
										0,
										0
									],
									"uv_size": [
										2,
										2
									]
								},
								"west": {
									"uv": [
										0,
										0
									],
									"uv_size": [
										2,
										2
									]
								},
								"up": {
									"uv": [
										2,
										2
									],
									"uv_size": [
										-2,
										-2
									]
								},
								"down": {
									"uv": [
										2,
										2
									],
									"uv_size": [
										-2,
										-2
									]
								}
							}
						}
					]
				}
			]
		}
	]
}